-- MySQL dump 10.13  Distrib 8.0.19, for Win64 (x86_64)
--
-- Host: localhost    Database: mapster
-- ------------------------------------------------------
-- Server version	5.5.5-10.4.27-MariaDB

/*!40101 SET @OLD_CHARACTER_SET_CLIENT=@@CHARACTER_SET_CLIENT */;
/*!40101 SET @OLD_CHARACTER_SET_RESULTS=@@CHARACTER_SET_RESULTS */;
/*!40101 SET @OLD_COLLATION_CONNECTION=@@COLLATION_CONNECTION */;
/*!50503 SET NAMES utf8mb4 */;
/*!40103 SET @OLD_TIME_ZONE=@@TIME_ZONE */;
/*!40103 SET TIME_ZONE='+00:00' */;
/*!40014 SET @OLD_UNIQUE_CHECKS=@@UNIQUE_CHECKS, UNIQUE_CHECKS=0 */;
/*!40014 SET @OLD_FOREIGN_KEY_CHECKS=@@FOREIGN_KEY_CHECKS, FOREIGN_KEY_CHECKS=0 */;
/*!40101 SET @OLD_SQL_MODE=@@SQL_MODE, SQL_MODE='NO_AUTO_VALUE_ON_ZERO' */;
/*!40111 SET @OLD_SQL_NOTES=@@SQL_NOTES, SQL_NOTES=0 */;

--
-- Table structure for table `board`
--

DROP TABLE IF EXISTS `board`;
/*!40101 SET @saved_cs_client     = @@character_set_client */;
/*!50503 SET character_set_client = utf8mb4 */;
CREATE TABLE `board` (
  `id` int(11) NOT NULL AUTO_INCREMENT,
  `userFk` int(11) DEFAULT NULL,
  `name` varchar(100) DEFAULT NULL,
  `thick` int(11) NOT NULL DEFAULT 20,
  `length` int(11) NOT NULL DEFAULT 20,
  PRIMARY KEY (`id`),
  KEY `board_FK` (`userFk`),
  CONSTRAINT `board_FK` FOREIGN KEY (`userFk`) REFERENCES `user` (`id`)
) ENGINE=InnoDB AUTO_INCREMENT=13 DEFAULT CHARSET=utf8mb4 COLLATE=utf8mb4_general_ci;
/*!40101 SET character_set_client = @saved_cs_client */;

--
-- Dumping data for table `board`
--

LOCK TABLES `board` WRITE;
/*!40000 ALTER TABLE `board` DISABLE KEYS */;
INSERT INTO `board` VALUES (11,1,'Ajedrez',8,8),(12,1,'parchis',30,30);
/*!40000 ALTER TABLE `board` ENABLE KEYS */;
UNLOCK TABLES;
/*!50003 SET @saved_cs_client      = @@character_set_client */ ;
/*!50003 SET @saved_cs_results     = @@character_set_results */ ;
/*!50003 SET @saved_col_connection = @@collation_connection */ ;
/*!50003 SET character_set_client  = utf8mb4 */ ;
/*!50003 SET character_set_results = utf8mb4 */ ;
/*!50003 SET collation_connection  = utf8mb4_general_ci */ ;
/*!50003 SET @saved_sql_mode       = @@sql_mode */ ;
/*!50003 SET sql_mode              = 'STRICT_TRANS_TABLES,NO_ZERO_IN_DATE,NO_ZERO_DATE,NO_ENGINE_SUBSTITUTION' */ ;
DELIMITER ;;
/*!50003 CREATE*/ /*!50017 DEFINER=`root`@`localhost`*/ /*!50003 TRIGGER board_afterInsert
AFTER INSERT
ON board FOR EACH row
BEGIN
	DECLARE i INT DEFAULT 1;
	DECLARE j INT DEFAULT 1;

	WHILE i <= new.thick  DO
		set j = 1;
		WHILE j <= new.length  DO
			INSERT INTO cell
				set boardFk = new.id,
					x = i,
					y = j;
			SET j = j + 1;
		END WHILE;
		SET i = i + 1;
	END WHILE;
END */;;
DELIMITER ;
/*!50003 SET sql_mode              = @saved_sql_mode */ ;
/*!50003 SET character_set_client  = @saved_cs_client */ ;
/*!50003 SET character_set_results = @saved_cs_results */ ;
/*!50003 SET collation_connection  = @saved_col_connection */ ;

--
-- Table structure for table `cell`
--

DROP TABLE IF EXISTS `cell`;
/*!40101 SET @saved_cs_client     = @@character_set_client */;
/*!50503 SET character_set_client = utf8mb4 */;
CREATE TABLE `cell` (
  `id` int(11) NOT NULL AUTO_INCREMENT,
  `boardFk` int(11) NOT NULL,
  `x` int(11) NOT NULL,
  `y` int(11) NOT NULL,
  `typeFk` int(11) DEFAULT NULL,
  PRIMARY KEY (`id`),
  KEY `cell_FK_1` (`typeFk`),
  KEY `cell_FK` (`boardFk`),
  CONSTRAINT `cell_FK` FOREIGN KEY (`boardFk`) REFERENCES `board` (`id`) ON DELETE CASCADE ON UPDATE CASCADE,
  CONSTRAINT `cell_FK_1` FOREIGN KEY (`typeFk`) REFERENCES `celltype` (`id`)
) ENGINE=InnoDB AUTO_INCREMENT=1146 DEFAULT CHARSET=utf8mb4 COLLATE=utf8mb4_general_ci;
/*!40101 SET character_set_client = @saved_cs_client */;

--
-- Dumping data for table `cell`
--

LOCK TABLES `cell` WRITE;
/*!40000 ALTER TABLE `cell` DISABLE KEYS */;
INSERT INTO `cell` VALUES (182,11,1,1,1),(183,11,1,2,NULL),(184,11,1,3,NULL),(185,11,1,4,1),(186,11,1,5,NULL),(187,11,1,6,NULL),(188,11,1,7,NULL),(189,11,1,8,NULL),(190,11,2,1,NULL),(191,11,2,2,NULL),(192,11,2,3,NULL),(193,11,2,4,NULL),(194,11,2,5,NULL),(195,11,2,6,NULL),(196,11,2,7,NULL),(197,11,2,8,NULL),(198,11,3,1,NULL),(199,11,3,2,NULL),(200,11,3,3,NULL),(201,11,3,4,NULL),(202,11,3,5,NULL),(203,11,3,6,NULL),(204,11,3,7,NULL),(205,11,3,8,NULL),(206,11,4,1,NULL),(207,11,4,2,NULL),(208,11,4,3,NULL),(209,11,4,4,NULL),(210,11,4,5,NULL),(211,11,4,6,NULL),(212,11,4,7,NULL),(213,11,4,8,NULL),(214,11,5,1,NULL),(215,11,5,2,NULL),(216,11,5,3,NULL),(217,11,5,4,NULL),(218,11,5,5,NULL),(219,11,5,6,NULL),(220,11,5,7,NULL),(221,11,5,8,NULL),(222,11,6,1,NULL),(223,11,6,2,NULL),(224,11,6,3,NULL),(225,11,6,4,NULL),(226,11,6,5,NULL),(227,11,6,6,NULL),(228,11,6,7,NULL),(229,11,6,8,NULL),(230,11,7,1,NULL),(231,11,7,2,NULL),(232,11,7,3,NULL),(233,11,7,4,NULL),(234,11,7,5,NULL),(235,11,7,6,NULL),(236,11,7,7,NULL),(237,11,7,8,NULL),(238,11,8,1,NULL),(239,11,8,2,NULL),(240,11,8,3,NULL),(241,11,8,4,NULL),(242,11,8,5,NULL),(243,11,8,6,NULL),(244,11,8,7,NULL),(245,11,8,8,NULL),(246,12,1,1,NULL),(247,12,1,2,NULL),(248,12,1,3,NULL),(249,12,1,4,NULL),(250,12,1,5,NULL),(251,12,1,6,NULL),(252,12,1,7,NULL),(253,12,1,8,NULL),(254,12,1,9,NULL),(255,12,1,10,NULL),(256,12,1,11,NULL),(257,12,1,12,NULL),(258,12,1,13,NULL),(259,12,1,14,NULL),(260,12,1,15,NULL),(261,12,1,16,NULL),(262,12,1,17,NULL),(263,12,1,18,NULL),(264,12,1,19,NULL),(265,12,1,20,NULL),(266,12,1,21,NULL),(267,12,1,22,NULL),(268,12,1,23,NULL),(269,12,1,24,NULL),(270,12,1,25,NULL),(271,12,1,26,NULL),(272,12,1,27,NULL),(273,12,1,28,NULL),(274,12,1,29,NULL),(275,12,1,30,NULL),(276,12,2,1,NULL),(277,12,2,2,NULL),(278,12,2,3,NULL),(279,12,2,4,NULL),(280,12,2,5,NULL),(281,12,2,6,NULL),(282,12,2,7,NULL),(283,12,2,8,NULL),(284,12,2,9,NULL),(285,12,2,10,NULL),(286,12,2,11,NULL),(287,12,2,12,NULL),(288,12,2,13,NULL),(289,12,2,14,NULL),(290,12,2,15,NULL),(291,12,2,16,NULL),(292,12,2,17,NULL),(293,12,2,18,NULL),(294,12,2,19,NULL),(295,12,2,20,NULL),(296,12,2,21,NULL),(297,12,2,22,NULL),(298,12,2,23,NULL),(299,12,2,24,NULL),(300,12,2,25,NULL),(301,12,2,26,NULL),(302,12,2,27,NULL),(303,12,2,28,NULL),(304,12,2,29,NULL),(305,12,2,30,NULL),(306,12,3,1,NULL),(307,12,3,2,NULL),(308,12,3,3,NULL),(309,12,3,4,NULL),(310,12,3,5,NULL),(311,12,3,6,NULL),(312,12,3,7,NULL),(313,12,3,8,NULL),(314,12,3,9,NULL),(315,12,3,10,NULL),(316,12,3,11,NULL),(317,12,3,12,NULL),(318,12,3,13,NULL),(319,12,3,14,NULL),(320,12,3,15,NULL),(321,12,3,16,NULL),(322,12,3,17,NULL),(323,12,3,18,NULL),(324,12,3,19,NULL),(325,12,3,20,NULL),(326,12,3,21,NULL),(327,12,3,22,NULL),(328,12,3,23,NULL),(329,12,3,24,NULL),(330,12,3,25,NULL),(331,12,3,26,NULL),(332,12,3,27,NULL),(333,12,3,28,NULL),(334,12,3,29,NULL),(335,12,3,30,NULL),(336,12,4,1,NULL),(337,12,4,2,NULL),(338,12,4,3,NULL),(339,12,4,4,NULL),(340,12,4,5,NULL),(341,12,4,6,NULL),(342,12,4,7,NULL),(343,12,4,8,NULL),(344,12,4,9,NULL),(345,12,4,10,NULL),(346,12,4,11,NULL),(347,12,4,12,NULL),(348,12,4,13,NULL),(349,12,4,14,NULL),(350,12,4,15,NULL),(351,12,4,16,NULL),(352,12,4,17,NULL),(353,12,4,18,NULL),(354,12,4,19,NULL),(355,12,4,20,NULL),(356,12,4,21,NULL),(357,12,4,22,NULL),(358,12,4,23,NULL),(359,12,4,24,NULL),(360,12,4,25,NULL),(361,12,4,26,NULL),(362,12,4,27,NULL),(363,12,4,28,NULL),(364,12,4,29,NULL),(365,12,4,30,NULL),(366,12,5,1,NULL),(367,12,5,2,NULL),(368,12,5,3,NULL),(369,12,5,4,NULL),(370,12,5,5,NULL),(371,12,5,6,NULL),(372,12,5,7,NULL),(373,12,5,8,NULL),(374,12,5,9,NULL),(375,12,5,10,NULL),(376,12,5,11,NULL),(377,12,5,12,NULL),(378,12,5,13,NULL),(379,12,5,14,NULL),(380,12,5,15,NULL),(381,12,5,16,NULL),(382,12,5,17,NULL),(383,12,5,18,NULL),(384,12,5,19,NULL),(385,12,5,20,NULL),(386,12,5,21,NULL),(387,12,5,22,NULL),(388,12,5,23,NULL),(389,12,5,24,NULL),(390,12,5,25,NULL),(391,12,5,26,NULL),(392,12,5,27,NULL),(393,12,5,28,NULL),(394,12,5,29,NULL),(395,12,5,30,NULL),(396,12,6,1,NULL),(397,12,6,2,NULL),(398,12,6,3,NULL),(399,12,6,4,NULL),(400,12,6,5,NULL),(401,12,6,6,NULL),(402,12,6,7,NULL),(403,12,6,8,NULL),(404,12,6,9,NULL),(405,12,6,10,NULL),(406,12,6,11,NULL),(407,12,6,12,NULL),(408,12,6,13,NULL),(409,12,6,14,NULL),(410,12,6,15,NULL),(411,12,6,16,NULL),(412,12,6,17,NULL),(413,12,6,18,NULL),(414,12,6,19,NULL),(415,12,6,20,NULL),(416,12,6,21,NULL),(417,12,6,22,NULL),(418,12,6,23,NULL),(419,12,6,24,NULL),(420,12,6,25,NULL),(421,12,6,26,NULL),(422,12,6,27,NULL),(423,12,6,28,NULL),(424,12,6,29,NULL),(425,12,6,30,NULL),(426,12,7,1,NULL),(427,12,7,2,NULL),(428,12,7,3,NULL),(429,12,7,4,NULL),(430,12,7,5,NULL),(431,12,7,6,NULL),(432,12,7,7,NULL),(433,12,7,8,NULL),(434,12,7,9,NULL),(435,12,7,10,NULL),(436,12,7,11,NULL),(437,12,7,12,NULL),(438,12,7,13,NULL),(439,12,7,14,NULL),(440,12,7,15,NULL),(441,12,7,16,NULL),(442,12,7,17,NULL),(443,12,7,18,NULL),(444,12,7,19,NULL),(445,12,7,20,NULL),(446,12,7,21,NULL),(447,12,7,22,NULL),(448,12,7,23,NULL),(449,12,7,24,NULL),(450,12,7,25,NULL),(451,12,7,26,NULL),(452,12,7,27,NULL),(453,12,7,28,NULL),(454,12,7,29,NULL),(455,12,7,30,NULL),(456,12,8,1,NULL),(457,12,8,2,NULL),(458,12,8,3,NULL),(459,12,8,4,NULL),(460,12,8,5,NULL),(461,12,8,6,NULL),(462,12,8,7,NULL),(463,12,8,8,NULL),(464,12,8,9,NULL),(465,12,8,10,NULL),(466,12,8,11,NULL),(467,12,8,12,NULL),(468,12,8,13,NULL),(469,12,8,14,NULL),(470,12,8,15,NULL),(471,12,8,16,NULL),(472,12,8,17,NULL),(473,12,8,18,NULL),(474,12,8,19,NULL),(475,12,8,20,NULL),(476,12,8,21,NULL),(477,12,8,22,NULL),(478,12,8,23,NULL),(479,12,8,24,NULL),(480,12,8,25,NULL),(481,12,8,26,NULL),(482,12,8,27,NULL),(483,12,8,28,NULL),(484,12,8,29,NULL),(485,12,8,30,NULL),(486,12,9,1,NULL),(487,12,9,2,NULL),(488,12,9,3,NULL),(489,12,9,4,NULL),(490,12,9,5,NULL),(491,12,9,6,NULL),(492,12,9,7,NULL),(493,12,9,8,NULL),(494,12,9,9,NULL),(495,12,9,10,NULL),(496,12,9,11,NULL),(497,12,9,12,NULL),(498,12,9,13,NULL),(499,12,9,14,NULL),(500,12,9,15,NULL),(501,12,9,16,NULL),(502,12,9,17,NULL),(503,12,9,18,NULL),(504,12,9,19,NULL),(505,12,9,20,NULL),(506,12,9,21,NULL),(507,12,9,22,NULL),(508,12,9,23,NULL),(509,12,9,24,NULL),(510,12,9,25,NULL),(511,12,9,26,NULL),(512,12,9,27,NULL),(513,12,9,28,NULL),(514,12,9,29,NULL),(515,12,9,30,NULL),(516,12,10,1,NULL),(517,12,10,2,NULL),(518,12,10,3,NULL),(519,12,10,4,NULL),(520,12,10,5,NULL),(521,12,10,6,NULL),(522,12,10,7,NULL),(523,12,10,8,NULL),(524,12,10,9,NULL),(525,12,10,10,NULL),(526,12,10,11,NULL),(527,12,10,12,NULL),(528,12,10,13,NULL),(529,12,10,14,NULL),(530,12,10,15,NULL),(531,12,10,16,NULL),(532,12,10,17,NULL),(533,12,10,18,NULL),(534,12,10,19,NULL),(535,12,10,20,NULL),(536,12,10,21,NULL),(537,12,10,22,NULL),(538,12,10,23,NULL),(539,12,10,24,NULL),(540,12,10,25,NULL),(541,12,10,26,NULL),(542,12,10,27,NULL),(543,12,10,28,NULL),(544,12,10,29,NULL),(545,12,10,30,NULL),(546,12,11,1,NULL),(547,12,11,2,NULL),(548,12,11,3,NULL),(549,12,11,4,NULL),(550,12,11,5,NULL),(551,12,11,6,NULL),(552,12,11,7,NULL),(553,12,11,8,NULL),(554,12,11,9,NULL),(555,12,11,10,NULL),(556,12,11,11,NULL),(557,12,11,12,NULL),(558,12,11,13,NULL),(559,12,11,14,NULL),(560,12,11,15,NULL),(561,12,11,16,NULL),(562,12,11,17,NULL),(563,12,11,18,NULL),(564,12,11,19,NULL),(565,12,11,20,NULL),(566,12,11,21,NULL),(567,12,11,22,NULL),(568,12,11,23,NULL),(569,12,11,24,NULL),(570,12,11,25,NULL),(571,12,11,26,NULL),(572,12,11,27,NULL),(573,12,11,28,NULL),(574,12,11,29,NULL),(575,12,11,30,NULL),(576,12,12,1,NULL),(577,12,12,2,NULL),(578,12,12,3,NULL),(579,12,12,4,NULL),(580,12,12,5,NULL),(581,12,12,6,NULL),(582,12,12,7,NULL),(583,12,12,8,NULL),(584,12,12,9,NULL),(585,12,12,10,NULL),(586,12,12,11,NULL),(587,12,12,12,NULL),(588,12,12,13,NULL),(589,12,12,14,NULL),(590,12,12,15,NULL),(591,12,12,16,NULL),(592,12,12,17,NULL),(593,12,12,18,NULL),(594,12,12,19,NULL),(595,12,12,20,NULL),(596,12,12,21,NULL),(597,12,12,22,NULL),(598,12,12,23,NULL),(599,12,12,24,NULL),(600,12,12,25,NULL),(601,12,12,26,NULL),(602,12,12,27,NULL),(603,12,12,28,NULL),(604,12,12,29,NULL),(605,12,12,30,NULL),(606,12,13,1,NULL),(607,12,13,2,NULL),(608,12,13,3,NULL),(609,12,13,4,NULL),(610,12,13,5,NULL),(611,12,13,6,NULL),(612,12,13,7,NULL),(613,12,13,8,NULL),(614,12,13,9,NULL),(615,12,13,10,NULL),(616,12,13,11,NULL),(617,12,13,12,NULL),(618,12,13,13,NULL),(619,12,13,14,NULL),(620,12,13,15,NULL),(621,12,13,16,NULL),(622,12,13,17,NULL),(623,12,13,18,NULL),(624,12,13,19,NULL),(625,12,13,20,NULL),(626,12,13,21,NULL),(627,12,13,22,NULL),(628,12,13,23,NULL),(629,12,13,24,NULL),(630,12,13,25,NULL),(631,12,13,26,NULL),(632,12,13,27,NULL),(633,12,13,28,NULL),(634,12,13,29,NULL),(635,12,13,30,NULL),(636,12,14,1,NULL),(637,12,14,2,NULL),(638,12,14,3,NULL),(639,12,14,4,NULL),(640,12,14,5,NULL),(641,12,14,6,NULL),(642,12,14,7,NULL),(643,12,14,8,NULL),(644,12,14,9,NULL),(645,12,14,10,NULL),(646,12,14,11,NULL),(647,12,14,12,NULL),(648,12,14,13,NULL),(649,12,14,14,NULL),(650,12,14,15,NULL),(651,12,14,16,NULL),(652,12,14,17,NULL),(653,12,14,18,NULL),(654,12,14,19,NULL),(655,12,14,20,NULL),(656,12,14,21,NULL),(657,12,14,22,NULL),(658,12,14,23,NULL),(659,12,14,24,NULL),(660,12,14,25,NULL),(661,12,14,26,NULL),(662,12,14,27,NULL),(663,12,14,28,NULL),(664,12,14,29,NULL),(665,12,14,30,NULL),(666,12,15,1,NULL),(667,12,15,2,NULL),(668,12,15,3,NULL),(669,12,15,4,NULL),(670,12,15,5,NULL),(671,12,15,6,NULL),(672,12,15,7,NULL),(673,12,15,8,NULL),(674,12,15,9,NULL),(675,12,15,10,NULL),(676,12,15,11,NULL),(677,12,15,12,NULL),(678,12,15,13,NULL),(679,12,15,14,NULL),(680,12,15,15,NULL),(681,12,15,16,NULL),(682,12,15,17,NULL),(683,12,15,18,NULL),(684,12,15,19,NULL),(685,12,15,20,NULL),(686,12,15,21,NULL),(687,12,15,22,NULL),(688,12,15,23,NULL),(689,12,15,24,NULL),(690,12,15,25,NULL),(691,12,15,26,NULL),(692,12,15,27,NULL),(693,12,15,28,NULL),(694,12,15,29,NULL),(695,12,15,30,NULL),(696,12,16,1,NULL),(697,12,16,2,NULL),(698,12,16,3,NULL),(699,12,16,4,NULL),(700,12,16,5,NULL),(701,12,16,6,NULL),(702,12,16,7,NULL),(703,12,16,8,NULL),(704,12,16,9,NULL),(705,12,16,10,NULL),(706,12,16,11,NULL),(707,12,16,12,NULL),(708,12,16,13,NULL),(709,12,16,14,NULL),(710,12,16,15,NULL),(711,12,16,16,NULL),(712,12,16,17,NULL),(713,12,16,18,NULL),(714,12,16,19,NULL),(715,12,16,20,NULL),(716,12,16,21,NULL),(717,12,16,22,NULL),(718,12,16,23,NULL),(719,12,16,24,NULL),(720,12,16,25,NULL),(721,12,16,26,NULL),(722,12,16,27,NULL),(723,12,16,28,NULL),(724,12,16,29,NULL),(725,12,16,30,NULL),(726,12,17,1,NULL),(727,12,17,2,NULL),(728,12,17,3,NULL),(729,12,17,4,NULL),(730,12,17,5,NULL),(731,12,17,6,NULL),(732,12,17,7,NULL),(733,12,17,8,NULL),(734,12,17,9,NULL),(735,12,17,10,NULL),(736,12,17,11,NULL),(737,12,17,12,NULL),(738,12,17,13,NULL),(739,12,17,14,NULL),(740,12,17,15,NULL),(741,12,17,16,NULL),(742,12,17,17,NULL),(743,12,17,18,NULL),(744,12,17,19,NULL),(745,12,17,20,NULL),(746,12,17,21,NULL),(747,12,17,22,NULL),(748,12,17,23,NULL),(749,12,17,24,NULL),(750,12,17,25,NULL),(751,12,17,26,NULL),(752,12,17,27,NULL),(753,12,17,28,NULL),(754,12,17,29,NULL),(755,12,17,30,NULL),(756,12,18,1,NULL),(757,12,18,2,NULL),(758,12,18,3,NULL),(759,12,18,4,NULL),(760,12,18,5,NULL),(761,12,18,6,NULL),(762,12,18,7,NULL),(763,12,18,8,NULL),(764,12,18,9,NULL),(765,12,18,10,NULL),(766,12,18,11,NULL),(767,12,18,12,NULL),(768,12,18,13,NULL),(769,12,18,14,NULL),(770,12,18,15,NULL),(771,12,18,16,NULL),(772,12,18,17,NULL),(773,12,18,18,NULL),(774,12,18,19,NULL),(775,12,18,20,NULL),(776,12,18,21,NULL),(777,12,18,22,NULL),(778,12,18,23,NULL),(779,12,18,24,NULL),(780,12,18,25,NULL),(781,12,18,26,NULL),(782,12,18,27,NULL),(783,12,18,28,NULL),(784,12,18,29,NULL),(785,12,18,30,NULL),(786,12,19,1,NULL),(787,12,19,2,NULL),(788,12,19,3,NULL),(789,12,19,4,NULL),(790,12,19,5,NULL),(791,12,19,6,NULL),(792,12,19,7,NULL),(793,12,19,8,NULL),(794,12,19,9,NULL),(795,12,19,10,NULL),(796,12,19,11,NULL),(797,12,19,12,NULL),(798,12,19,13,NULL),(799,12,19,14,NULL),(800,12,19,15,NULL),(801,12,19,16,NULL),(802,12,19,17,NULL),(803,12,19,18,NULL),(804,12,19,19,NULL),(805,12,19,20,NULL),(806,12,19,21,NULL),(807,12,19,22,NULL),(808,12,19,23,NULL),(809,12,19,24,NULL),(810,12,19,25,NULL),(811,12,19,26,NULL),(812,12,19,27,NULL),(813,12,19,28,NULL),(814,12,19,29,NULL),(815,12,19,30,NULL),(816,12,20,1,NULL),(817,12,20,2,NULL),(818,12,20,3,NULL),(819,12,20,4,NULL),(820,12,20,5,NULL),(821,12,20,6,NULL),(822,12,20,7,NULL),(823,12,20,8,NULL),(824,12,20,9,NULL),(825,12,20,10,NULL),(826,12,20,11,NULL),(827,12,20,12,NULL),(828,12,20,13,NULL),(829,12,20,14,NULL),(830,12,20,15,NULL),(831,12,20,16,NULL),(832,12,20,17,NULL),(833,12,20,18,NULL),(834,12,20,19,NULL),(835,12,20,20,NULL),(836,12,20,21,NULL),(837,12,20,22,NULL),(838,12,20,23,NULL),(839,12,20,24,NULL),(840,12,20,25,NULL),(841,12,20,26,NULL),(842,12,20,27,NULL),(843,12,20,28,NULL),(844,12,20,29,NULL),(845,12,20,30,NULL),(846,12,21,1,NULL),(847,12,21,2,NULL),(848,12,21,3,NULL),(849,12,21,4,NULL),(850,12,21,5,NULL),(851,12,21,6,NULL),(852,12,21,7,NULL),(853,12,21,8,NULL),(854,12,21,9,NULL),(855,12,21,10,NULL),(856,12,21,11,NULL),(857,12,21,12,NULL),(858,12,21,13,NULL),(859,12,21,14,NULL),(860,12,21,15,NULL),(861,12,21,16,NULL),(862,12,21,17,NULL),(863,12,21,18,NULL),(864,12,21,19,NULL),(865,12,21,20,NULL),(866,12,21,21,NULL),(867,12,21,22,NULL),(868,12,21,23,NULL),(869,12,21,24,NULL),(870,12,21,25,NULL),(871,12,21,26,NULL),(872,12,21,27,NULL),(873,12,21,28,NULL),(874,12,21,29,NULL),(875,12,21,30,NULL),(876,12,22,1,NULL),(877,12,22,2,NULL),(878,12,22,3,NULL),(879,12,22,4,NULL),(880,12,22,5,NULL),(881,12,22,6,NULL),(882,12,22,7,NULL),(883,12,22,8,NULL),(884,12,22,9,NULL),(885,12,22,10,NULL),(886,12,22,11,NULL),(887,12,22,12,NULL),(888,12,22,13,NULL),(889,12,22,14,NULL),(890,12,22,15,NULL),(891,12,22,16,NULL),(892,12,22,17,NULL),(893,12,22,18,NULL),(894,12,22,19,NULL),(895,12,22,20,NULL),(896,12,22,21,NULL),(897,12,22,22,NULL),(898,12,22,23,NULL),(899,12,22,24,NULL),(900,12,22,25,NULL),(901,12,22,26,NULL),(902,12,22,27,NULL),(903,12,22,28,NULL),(904,12,22,29,NULL),(905,12,22,30,NULL),(906,12,23,1,NULL),(907,12,23,2,NULL),(908,12,23,3,NULL),(909,12,23,4,NULL),(910,12,23,5,NULL),(911,12,23,6,NULL),(912,12,23,7,NULL),(913,12,23,8,NULL),(914,12,23,9,NULL),(915,12,23,10,NULL),(916,12,23,11,NULL),(917,12,23,12,NULL),(918,12,23,13,NULL),(919,12,23,14,NULL),(920,12,23,15,NULL),(921,12,23,16,NULL),(922,12,23,17,NULL),(923,12,23,18,NULL),(924,12,23,19,NULL),(925,12,23,20,NULL),(926,12,23,21,NULL),(927,12,23,22,NULL),(928,12,23,23,NULL),(929,12,23,24,NULL),(930,12,23,25,NULL),(931,12,23,26,NULL),(932,12,23,27,NULL),(933,12,23,28,NULL),(934,12,23,29,NULL),(935,12,23,30,NULL),(936,12,24,1,NULL),(937,12,24,2,NULL),(938,12,24,3,NULL),(939,12,24,4,NULL),(940,12,24,5,NULL),(941,12,24,6,NULL),(942,12,24,7,NULL),(943,12,24,8,NULL),(944,12,24,9,NULL),(945,12,24,10,NULL),(946,12,24,11,NULL),(947,12,24,12,NULL),(948,12,24,13,NULL),(949,12,24,14,NULL),(950,12,24,15,NULL),(951,12,24,16,NULL),(952,12,24,17,NULL),(953,12,24,18,NULL),(954,12,24,19,NULL),(955,12,24,20,NULL),(956,12,24,21,NULL),(957,12,24,22,NULL),(958,12,24,23,NULL),(959,12,24,24,NULL),(960,12,24,25,NULL),(961,12,24,26,NULL),(962,12,24,27,NULL),(963,12,24,28,NULL),(964,12,24,29,NULL),(965,12,24,30,NULL),(966,12,25,1,NULL),(967,12,25,2,NULL),(968,12,25,3,NULL),(969,12,25,4,NULL),(970,12,25,5,NULL),(971,12,25,6,NULL),(972,12,25,7,NULL),(973,12,25,8,NULL),(974,12,25,9,NULL),(975,12,25,10,NULL),(976,12,25,11,NULL),(977,12,25,12,NULL),(978,12,25,13,NULL),(979,12,25,14,NULL),(980,12,25,15,NULL),(981,12,25,16,NULL),(982,12,25,17,NULL),(983,12,25,18,NULL),(984,12,25,19,NULL),(985,12,25,20,NULL),(986,12,25,21,NULL),(987,12,25,22,NULL),(988,12,25,23,NULL),(989,12,25,24,NULL),(990,12,25,25,NULL),(991,12,25,26,NULL),(992,12,25,27,NULL),(993,12,25,28,NULL),(994,12,25,29,NULL),(995,12,25,30,NULL),(996,12,26,1,NULL),(997,12,26,2,NULL),(998,12,26,3,NULL),(999,12,26,4,NULL),(1000,12,26,5,NULL),(1001,12,26,6,NULL),(1002,12,26,7,NULL),(1003,12,26,8,NULL),(1004,12,26,9,NULL),(1005,12,26,10,NULL),(1006,12,26,11,NULL),(1007,12,26,12,NULL),(1008,12,26,13,NULL),(1009,12,26,14,NULL),(1010,12,26,15,NULL),(1011,12,26,16,NULL),(1012,12,26,17,NULL),(1013,12,26,18,NULL),(1014,12,26,19,NULL),(1015,12,26,20,NULL),(1016,12,26,21,NULL),(1017,12,26,22,NULL),(1018,12,26,23,NULL),(1019,12,26,24,NULL),(1020,12,26,25,NULL),(1021,12,26,26,NULL),(1022,12,26,27,NULL),(1023,12,26,28,NULL),(1024,12,26,29,NULL),(1025,12,26,30,NULL),(1026,12,27,1,NULL),(1027,12,27,2,NULL),(1028,12,27,3,NULL),(1029,12,27,4,NULL),(1030,12,27,5,NULL),(1031,12,27,6,NULL),(1032,12,27,7,NULL),(1033,12,27,8,NULL),(1034,12,27,9,NULL),(1035,12,27,10,NULL),(1036,12,27,11,NULL),(1037,12,27,12,NULL),(1038,12,27,13,NULL),(1039,12,27,14,NULL),(1040,12,27,15,NULL),(1041,12,27,16,NULL),(1042,12,27,17,NULL),(1043,12,27,18,NULL),(1044,12,27,19,NULL),(1045,12,27,20,NULL),(1046,12,27,21,NULL),(1047,12,27,22,NULL),(1048,12,27,23,NULL),(1049,12,27,24,NULL),(1050,12,27,25,NULL),(1051,12,27,26,NULL),(1052,12,27,27,NULL),(1053,12,27,28,NULL),(1054,12,27,29,NULL),(1055,12,27,30,NULL),(1056,12,28,1,NULL),(1057,12,28,2,NULL),(1058,12,28,3,NULL),(1059,12,28,4,NULL),(1060,12,28,5,NULL),(1061,12,28,6,NULL),(1062,12,28,7,NULL),(1063,12,28,8,NULL),(1064,12,28,9,NULL),(1065,12,28,10,NULL),(1066,12,28,11,NULL),(1067,12,28,12,NULL),(1068,12,28,13,NULL),(1069,12,28,14,NULL),(1070,12,28,15,NULL),(1071,12,28,16,NULL),(1072,12,28,17,NULL),(1073,12,28,18,NULL),(1074,12,28,19,NULL),(1075,12,28,20,NULL),(1076,12,28,21,NULL),(1077,12,28,22,NULL),(1078,12,28,23,NULL),(1079,12,28,24,NULL),(1080,12,28,25,NULL),(1081,12,28,26,NULL),(1082,12,28,27,NULL),(1083,12,28,28,NULL),(1084,12,28,29,NULL),(1085,12,28,30,NULL),(1086,12,29,1,NULL),(1087,12,29,2,NULL),(1088,12,29,3,NULL),(1089,12,29,4,NULL),(1090,12,29,5,NULL),(1091,12,29,6,NULL),(1092,12,29,7,NULL),(1093,12,29,8,NULL),(1094,12,29,9,NULL),(1095,12,29,10,NULL),(1096,12,29,11,NULL),(1097,12,29,12,NULL),(1098,12,29,13,NULL),(1099,12,29,14,NULL),(1100,12,29,15,NULL),(1101,12,29,16,NULL),(1102,12,29,17,NULL),(1103,12,29,18,NULL),(1104,12,29,19,NULL),(1105,12,29,20,NULL),(1106,12,29,21,NULL),(1107,12,29,22,NULL),(1108,12,29,23,NULL),(1109,12,29,24,NULL),(1110,12,29,25,NULL),(1111,12,29,26,NULL),(1112,12,29,27,NULL),(1113,12,29,28,NULL),(1114,12,29,29,NULL),(1115,12,29,30,NULL),(1116,12,30,1,NULL),(1117,12,30,2,NULL),(1118,12,30,3,NULL),(1119,12,30,4,NULL),(1120,12,30,5,NULL),(1121,12,30,6,NULL),(1122,12,30,7,NULL),(1123,12,30,8,NULL),(1124,12,30,9,NULL),(1125,12,30,10,NULL),(1126,12,30,11,NULL),(1127,12,30,12,NULL),(1128,12,30,13,NULL),(1129,12,30,14,NULL),(1130,12,30,15,NULL),(1131,12,30,16,NULL),(1132,12,30,17,NULL),(1133,12,30,18,NULL),(1134,12,30,19,NULL),(1135,12,30,20,NULL),(1136,12,30,21,NULL),(1137,12,30,22,NULL),(1138,12,30,23,NULL),(1139,12,30,24,NULL),(1140,12,30,25,NULL),(1141,12,30,26,NULL),(1142,12,30,27,NULL),(1143,12,30,28,NULL),(1144,12,30,29,NULL),(1145,12,30,30,NULL);
/*!40000 ALTER TABLE `cell` ENABLE KEYS */;
UNLOCK TABLES;

--
-- Table structure for table `celltype`
--

DROP TABLE IF EXISTS `celltype`;
/*!40101 SET @saved_cs_client     = @@character_set_client */;
/*!50503 SET character_set_client = utf8mb4 */;
CREATE TABLE `celltype` (
  `id` int(11) NOT NULL AUTO_INCREMENT,
  `description` varchar(100) DEFAULT NULL,
  `image` varchar(100) DEFAULT NULL,
  `userFk` int(11) DEFAULT NULL,
  PRIMARY KEY (`id`),
  KEY `cellType_FK` (`userFk`),
  CONSTRAINT `cellType_FK` FOREIGN KEY (`userFk`) REFERENCES `user` (`id`)
) ENGINE=InnoDB AUTO_INCREMENT=3 DEFAULT CHARSET=utf8mb4 COLLATE=utf8mb4_general_ci;
/*!40101 SET character_set_client = @saved_cs_client */;

--
-- Dumping data for table `celltype`
--

LOCK TABLES `celltype` WRITE;
/*!40000 ALTER TABLE `celltype` DISABLE KEYS */;
INSERT INTO `celltype` VALUES (1,'suelo','baldosa',1);
/*!40000 ALTER TABLE `celltype` ENABLE KEYS */;
UNLOCK TABLES;

--
-- Table structure for table `user`
--

DROP TABLE IF EXISTS `user`;
/*!40101 SET @saved_cs_client     = @@character_set_client */;
/*!50503 SET character_set_client = utf8mb4 */;
CREATE TABLE `user` (
  `id` int(11) NOT NULL AUTO_INCREMENT,
  `username` varchar(100) NOT NULL,
  `password` text NOT NULL,
  PRIMARY KEY (`id`)
) ENGINE=InnoDB AUTO_INCREMENT=17 DEFAULT CHARSET=utf8mb4 COLLATE=utf8mb4_general_ci;
/*!40101 SET character_set_client = @saved_cs_client */;

--
-- Dumping data for table `user`
--

LOCK TABLES `user` WRITE;
/*!40000 ALTER TABLE `user` DISABLE KEYS */;
INSERT INTO `user` VALUES (1,'pepito','contraseña'),(15,'test','test'),(16,'mangante','mangante');
/*!40000 ALTER TABLE `user` ENABLE KEYS */;
UNLOCK TABLES;

--
-- Dumping events for database 'mapster'
--

--
-- Dumping routines for database 'mapster'
--
/*!40103 SET TIME_ZONE=@OLD_TIME_ZONE */;

/*!40101 SET SQL_MODE=@OLD_SQL_MODE */;
/*!40014 SET FOREIGN_KEY_CHECKS=@OLD_FOREIGN_KEY_CHECKS */;
/*!40014 SET UNIQUE_CHECKS=@OLD_UNIQUE_CHECKS */;
/*!40101 SET CHARACTER_SET_CLIENT=@OLD_CHARACTER_SET_CLIENT */;
/*!40101 SET CHARACTER_SET_RESULTS=@OLD_CHARACTER_SET_RESULTS */;
/*!40101 SET COLLATION_CONNECTION=@OLD_COLLATION_CONNECTION */;
/*!40111 SET SQL_NOTES=@OLD_SQL_NOTES */;

-- Dump completed on 2023-04-30 21:02:52
